VOLE_ID,TRT,SEX,NULL_CHECK,SP_INDEX,NO_TRIAL2_OBJ1_TOT_DUR,NO_TRIAL2_OBJ2_TOT_DUR,NO_TRIAL2_TOT_DIST,NO_TRIAL3_OBJ1_TOT_DUR,NO_TRIAL3_OBJ2_TOT_DUR,NO_TRIAL3_TOT_DIST,NS_BOUTS_EMPTY,NS_BOUTS_STRANGER,NS_DUR_EMPTY,NS_DUR_STRANGER,NS_INDEX,NS_LAT_EMPTY,NS_LAT_STRANGER,NS_PCT_WSTRANGER,NS_TOT_DIST,OF_BOUTS_CENTER,OF_DUR_CENTER,OF_TOT_DIST,PP_INDEX,PP_PARTNER_LAT,PP_PARTNER_TOT_BOUTS,PP_PARTNER_TOT_DUR,PP_STRANGER_LAT,PP_STRANGER_TOT_BOUTS,PP_STRANGER_TOT_DUR,PP_TOT_DIST,SP_BOUTS_CAGEMATE,SP_BOUTS_STRANGER,SP_DUR_CAGEMATE,SP_DUR_STRANGER,SP_LAT_CAGEMATE,SP_LAT_STRANGER,SP_TOT_DIST,OF_droppings,OF_Dur_Walls,OF_Dur_Corner,OF_Lat,OF_Cent_Dur_5min,NS_droppings,NS_Dur_NoCup,SP_droppings,SP_Dur_Neutral,PP_droppings,PP_Partner_Dur_Fin,PP_Duration_Neutral,NS_BOUTS_STRANGER,SP_BOUTS_CAGEMATE,SP_BOUTS_STRANGER,PP_BOUTS_PARTNER,PP_BOUTS_STRANGER
238,CTRL,M,Complete Data,0.1677,16.32,99.5,7584.09,2.67,102.8,6060,11,8,226.36,268.97,0.086,234.13,8.11,0.543,9433.13,15,36.54,62424.03,0.3688,0,22,303.47,20.02,15,139.94,17527.88,13,14,188.46,264.4,44.18,2.5,10550.93,7,2292.43,1296.72,2.84,0.67,1,104.67,20,43.78,13,42.68,48.01,8,13,14,22,15
95,MID,M,Complete Data,0.1886,3.5,3.47,4374.8,0,6.81,4953.21,26,40,108.17,92.99,-0.0755,44.01,3.64,0.4623,8783.45,15,44.28,71216.61,0.5452,0,12,286.85,16.88,6,84.42,7223.34,18,28,77.81,113.98,10.41,1.07,10313.33,13,1498.21,1282.54,231.93,7.47,4,398.84,16,105.51,0,17.02,37.77,40,18,28,12,6
192,5MT,M,Complete Data,0.2309,5.04,31.23,6812.07,5.71,26.96,9197.04,19,12,350.05,55.56,-0.726,11.38,5.11,0.137,9828.43,19,35,64508.23,-0.7427,34.6,8,65.7,0.43,13,444.98,16155.33,13,16,167.97,268.84,7.34,58.43,12605.23,0,1490.19,1101.24,2.07,10.54,0,194.39,1,67.6,0,9.04,18.42,12,13,16,8,13
88,LOW,M,Incomplete Data,0.2417,,,,,,,15,0,51.72,0,-1,190.96,600,0,2608.7,5,17.32,30262.29,,,,,,,,,12,13,41.14,67.37,13.68,169.97,4202.61,12,1909.78,1584.75,277.54,2.84,1,548.28,8,107.21,0,0,0,0,12,13,0,0
7,CTRL,F,Incomplete Data,0.2466,,,,,,,17,18,157.52,209.21,0.1409,82.72,7.91,0.5705,10094,15,67.97,58493.96,,,,,,,,,18,23,125.56,207.74,1.37,12.51,8543.71,13,936.33,1289.56,366.07,3.14,6,233.27,0,55.12,0,0,0,18,18,23,0,0
247,CTRL,F,Complete Data,0.2532,64.7,49.52,14031.23,50.28,30.63,9537.26,18,20,142.24,276.54,0.3207,5.51,57.99,0.6603,12475.71,12,19.42,59597.55,0.5735,0.47,25,307.61,54.25,12,83.38,16412.95,11,19,161.66,271.3,29.06,0.1,9627.96,8,1727.76,1333.07,571.94,10.98,0,181.22,1,41.98,0,36.44,92.43,20,11,19,25,12
106,LOW,F,Complete Data,0.2684,0.73,4.94,4793.72,11.08,45.98,3962.32,35,26,117.42,109.11,-0.0367,8.68,74.44,0.4817,7762.89,1,1.74,20048.77,0.491,8.68,16,324.72,26.09,12,110.84,14211.79,9,33,49.58,85.95,9.94,52.15,6387.3,3,1197.7,1243.87,27.86,0,0,373.47,2,93.66,0,35,86.32,26,9,33,16,12
242,LOW,F,Complete Data,0.2814,23.49,12.88,5451.77,11.24,25.79,6568.12,9,9,162,338.57,0.3527,240.37,0,0.6764,5598.61,5,7.47,78511.71,0.1772,63.96,14,226.89,3.7,12,158.59,9323.79,17,18,128.46,229.06,0.27,27.19,10817.87,10,1675.04,1512.59,404.44,0.83,5,99.43,1,91.56,2,34.17,47.38,9,17,18,14,12
92,MID,F,Complete Data,0.3763,15.98,21.25,9881.94,20.35,25.73,10889.56,10,20,37.7,61.39,0.2391,232.73,4.04,0.6195,6095.55,1,0.6,72732.17,0.2103,1.4,23,244.64,13.35,21,159.63,21055.84,22,39,96.46,212.85,34.07,4.04,14555.65,8,1702.7,1557.96,593.76,0,10,500.91,2,78.18,6,25.53,88.32,20,22,39,23,21
100,LOW,F,Complete Data,0.4097,21.49,55.02,8944.63,12.35,40.31,5641.69,13,34,49.62,133.53,0.4581,51.25,14.98,0.7291,11403.55,13,21.05,89651.41,-0.1069,15.62,27,150.65,2.5,33,186.72,24046.73,17,31,71.67,171.14,37.84,202.94,6357.65,16,1224.63,1385.19,190.72,4.4,4,416.85,14,75.11,0,2.24,89.52,34,17,31,27,33
61,MID,F,Complete Data,0.6229,42.41,60.89,2943.53,24.16,42.04,4228.6,6,4,15.68,4.97,-0.5186,172.74,7.94,0.2407,4435.9,18,62.73,41362.86,0.9136,14.98,11,244.58,0.97,4,11.04,6150.96,4,15,14.28,61.46,57.72,28.93,3205.71,0,1777.04,1292.36,159.79,14.35,0,579.35,3,46.45,0,0,154.19,4,4,15,11,4
240,LOW,M,Complete Data,0.7711,16.38,27.69,4993.35,8.78,22.56,8253.89,10,10,309.08,204.64,-0.2033,6.07,35.04,0.3983,7017.38,13,23.42,50260.21,0.1217,0.4,16,258.66,27.43,17,202.54,12960.2,6,16,56.39,436.27,129.36,1.53,7776.55,1,1964.94,1200.83,420.35,3.7,0,86.28,0,23.26,12,0,28.83,10,6,16,16,17
115,MID,M,Complete Data,0.8196,0,0,35.14,18.22,43.68,9170.89,36,8,120.92,29.53,-0.6074,6.44,35.14,0.1963,12071.38,10,14.95,66547.37,-0.669,0,12,82.62,15.25,9,416.58,10750.26,3,35,12.18,122.86,10.78,20.09,5397.7,0,1716.05,1456.9,114.71,2.1,0,449.55,0,24.99,20,20.92,32.53,8,3,35,12,9
101,LOW,M,Complete Data,1,28.66,9.41,2622.43,0,8.98,1291.03,9,11,23.32,50.22,0.3658,246.95,19.69,0.6829,1867.94,16,88.36,26208.99,-0.6798,195.06,4,60.96,14.68,8,319.85,3639.56,0,10,0,38.17,600,7.97,493.87,3,1221.92,1263.26,164.5,49.22,0,526.46,0,13.28,7,7.84,33.53,11,0,10,4,8
112,MID,F,Incomplete Data,,,,,10.24,55.16,7808.26,30,2,57.52,3.04,-0.8996,14.51,167.1,0.0502,10298.4,28,68.44,73547.9,-0.108,23.62,14,149.38,6.64,14,185.55,11525.05,0,0,0,0,600,600,8968.66,9,982.77,703.26,153.39,0,2,539.44,2,471.57,6,7.41,73.11,2,0,0,14,14
40,MID,M,Complete Data,-1,37.27,76.14,12635.26,36.64,34.8,8731.46,28,7,105.14,26.43,-0.5982,244.78,35.77,0.2009,3779.07,26,39.84,70622.74,0.393,12.35,19,271.67,196.16,10,118.39,11828.37,21,0,70.04,0,32.9,600,5961.26,5,1597.43,1208.31,70.77,16.62,4,468.43,3,190.32,0,23.66,67.03,7,21,0,19,10
42,MID,M,Complete Data,-1,68.03,61.26,7405.33,32.83,42.91,7486.72,36,1,101.33,2.67,-0.9487,12.35,70.97,0.0257,4488.32,17,52.95,56482.78,-0.8413,224.09,5,22.56,231.7,13,261.76,9208.23,15,0,29.56,0,11.44,600,7285.12,0,2049.72,1202.77,108.07,6.31,0,496,8,182.88,3,2.94,249.02,1,15,0,5,13
141,HIGH,M,Complete Data,-1,58.66,78.51,6428.18,15.85,43.48,7017.18,19,21,39.17,69.87,0.2815,73.47,10.28,0.6408,6506.43,34,83.28,62181.88,0.3646,25.13,12,237.77,11.18,16,110.71,9744.9,20,0,85.62,0,21.76,600,3440,0,1681.81,1232.97,28.33,7.14,1,490.96,0,25.39,0,20.09,77.04,21,20,0,12,16
207,LOW,F,Complete Data,-1,16.32,50.88,4281.82,22.06,37.54,4840.81,24,0,275.94,0,-1,12.55,600,0,8801.52,5,3.57,40334.02,-0.1443,13.11,5,199.47,2.44,15,266.73,8880.13,20,0,272.77,0,7.17,600,6595.85,0,2543.38,1520.09,541.41,0.67,0,324.06,0,132.83,21,0,24.96,0,20,0,5,15
19,CTRL,M,Complete Data,-1,43.84,57.99,5940.15,48.11,43.01,8982.16,28,5,158.09,19.12,-0.7842,15.02,68.67,0.1079,5184.77,7,40.61,43037.31,0.7389,9.41,6,446.11,1.2,6,66.97,4064.36,10,0,39.57,0,114.61,600,828.15,0,1752.09,1290.99,325.83,2.64,0,422.79,0,147.61,0,59.99,30.1,5,10,0,6,6
200,HIGH,F,Complete Data,-0.9913,79.88,29.2,3480.07,133.9,26.16,2348.05,7,1,462.63,5.47,-0.9766,25.26,11.71,0.0117,3849.31,4,6.21,47353.98,1,565.57,1,31.23,600,0,0,2489.43,9,1,429.6,1.87,17.05,576.81,3362.77,20,1694.6,1522.39,456.66,3.97,0,131.9,12,36.2,0,31.23,504.7,1,9,1,1,0
125,HIGH,M,Complete Data,-0.9875,26.86,148.82,3960.84,78.11,20.02,4101.03,22,9,89.06,17.18,-0.6766,98.43,3.6,0.1617,5125.09,7,13.35,52727.77,0.9182,7.54,15,342.44,61.43,2,14.61,7039.26,37,1,191.42,1.2,9.78,2.6,3666.52,5,2078.22,1318.95,26.36,10.58,12,493.76,9,72.14,0,55.06,138.84,9,37,1,15,2
129,HIGH,F,Complete Data,-0.9616,60.19,44.94,8511.77,35.4,67.7,8709.92,29,10,119.92,29.16,-0.6088,49.12,70.44,0.1956,8455.89,2,2.5,57379.91,0.5901,12.58,26,271.34,0,15,69.94,17574.53,16,2,228.23,4.47,26.96,258.99,5366.48,0,1700.4,1203.43,677.28,1.63,14,450.92,0,99.93,0,36.74,130.96,10,16,2,26,15
162,5MT,F,Complete Data,-0.9545,9.08,46.18,2783.1,9.98,63.96,6906.65,8,2,423.92,15.88,-0.9278,15.38,213.65,0.0361,3178.1,23,73.04,61033.15,0.5849,32.13,11,298.9,79.55,8,78.28,8816.82,6,1,470.07,10.94,10.41,447.78,2702.08,3,1402.64,1298.09,330.03,0.77,0,160.2,3,7.57,9,38.24,118.35,2,6,1,11,8
176,5MT,M,Incomplete Data,-0.9422,,,,,,,19,17,228.83,73.51,-0.5137,9.94,1.74,0.2431,11420.99,23,165.5,68199.72,,,,,,,,,16,2,129.93,3.87,8.14,2.37,4443.38,5,1074.34,1236.23,37.74,12.41,12,297.66,1,127.13,0,0,0,17,16,2,0,0
68,HIGH,M,Complete Data,-0.9421,72.04,86.19,5922.72,107.34,33.47,7648.83,23,40,74.91,131.56,0.2744,61.26,6.47,0.6372,8452.44,7,25.53,44277.6,0.1551,12.21,10,238.47,5.14,12,174.44,7846.65,23,2,146.68,4.37,77.41,59.69,3964.87,0,1575.21,1433,382.98,0,8,393.53,0,62.43,5,0,43.34,40,23,2,10,12
14,CTRL,F,Complete Data,-0.9407,23.09,88.79,5885.33,14.08,22.42,3782.53,19,28,107.64,112.71,0.023,48.11,5.84,0.5115,6944.83,23,42.81,75383.37,0.6272,9.74,9,369.87,41.41,12,84.75,8447.42,30,2,138.84,4.24,30.83,76.41,3137.82,17,1592.13,1118.75,375.41,8.14,0,379.65,0,50.32,1,45.98,61.53,28,30,2,9,12
198,HIGH,M,Complete Data,-0.9153,99.9,42.28,4442.31,67.73,60.66,4189.19,4,4,170.94,204.47,0.0893,173.01,21.25,0.5447,3710.41,7,20.02,70171.55,-0.7154,23.66,6,42.18,64.5,7,254.25,8811.22,4,1,15.15,0.67,205.87,44.01,2347.81,0,1568.87,1305.44,493.03,0,5,224.59,0,353.55,0,0,78.65,4,4,1,6,7
137,HIGH,F,Complete Data,-0.8774,36.37,87.82,8951.23,30.4,34.77,8204.13,18,11,117.12,35.2,-0.5378,171.17,7.01,0.2311,4110.3,23,136.14,59164.97,-0.2162,51.32,7,172.51,2.44,9,267.7,7509.19,9,2,45.95,3,96.23,20.22,1870.3,0,1358.56,1137.81,333.7,61.7,4,447.68,0,30.06,0,0,34.5,11,9,2,7,9
10,CTRL,F,Incomplete Data,-0.8768,,,,,,,19,33,101.84,266,0.4463,32.2,0,0.7231,17225.13,16,44.18,97831.44,,,,,,,,,11,9,515.15,33.83,1.43,5.67,12576.9,21,912.55,1199.29,421.86,3.67,11,232.16,21,57.89,0,0,0,33,11,9,0,0
90,LOW,F,Complete Data,-0.8726,121.69,78.55,7748.21,90.16,65.23,8073.46,20,3,101.7,15.78,-0.7314,40.54,494.39,0.1343,3555.71,20,57.29,61128.98,0.2044,14.08,10,300.8,0.1,13,198.7,10067.46,8,7,320.65,21.82,40.57,481.08,3340.03,22,1737.23,1140.2,336.5,10.91,0,482.52,14,85.69,4,0,48.52,3,8,7,10,13
72,HIGH,F,Complete Data,-0.8581,9.04,24.36,6491.88,11.85,63.26,14877.05,16,8,46.51,18.32,-0.4348,22.79,474.14,0.2826,4992.6,4,15.65,27873.51,0.055,91.49,11,227.33,3,12,203.64,9085.24,32,10,183.12,13.98,30.16,12.78,7088.16,9,1939.58,1167.79,541.47,0,0,535.17,4,91.36,0,14.71,97.23,8,32,10,11,12
94,MID,M,Incomplete Data,-0.8433,,,,,,,11,0,53.49,0,-1,4.44,600,0,928.45,9,40.21,82632,,,,,,,,,3,1,7.41,0.63,158.46,175.11,2824.96,22,1619.72,1174.55,1055.46,16.25,7,546.51,10,412.81,0,0,0,0,3,1,0,0
133,HIGH,M,Complete Data,-0.8246,47.25,18.18,5189.9,14.15,32,4326.54,33,0,101.4,0,-1,41.91,600,0,4834.14,11,15.78,50390.79,-0.1093,7.77,7,150.42,64.63,20,187.32,9790.06,27,8,134.7,12.95,70.87,162.73,8437.53,0,2166.63,1250.88,72.87,0,5,498.6,2,132.6,0,12.95,21.52,0,27,8,7,20
37,CTRL,M,Complete Data,-0.7876,55.52,149.68,6076.2,71.54,96.23,4565.33,20,20,80.41,70.47,-0.0659,78.88,46.51,0.4671,6708.79,7,27.43,59792.86,0.6742,3.34,8,334.5,51.12,12,65.1,5506.32,28,7,123.32,14.65,32.53,5.34,6325.61,1,1740.47,1228.09,60.73,0,0,449.12,16,88.12,0,18.05,87.45,20,28,7,8,12
167,5MT,F,Complete Data,-0.7622,72.44,39.41,9324.16,46.28,173.37,5582.96,9,13,256.16,197.73,-0.1287,7.41,37.7,0.4356,10203.04,17,53.49,62524.29,0.1131,1.07,20,252.95,21.22,20,201.53,18540.46,20,10,313.81,42.34,10.91,3.97,8682.62,9,2131.33,914.14,686.15,14.18,0,146.11,0,65.47,0,33.13,62.56,13,20,10,20,20
142,HIGH,M,Complete Data,-0.7367,54.19,8.81,1944.31,19.95,77.91,3790.28,31,8,114.21,36.27,-0.5179,54.79,27.39,0.241,7874.35,12,45.51,60917.89,0.1469,1.3,12,139.54,23.22,6,103.8,8330.45,23,7,146.35,22.19,38.57,2.14,2187.94,12,872.04,1256.06,55.59,5.11,5,449.52,3,11.61,0,2.9,183.68,8,23,7,12,6
233,CTRL,F,Complete Data,-0.7206,35.9,116.22,6143.33,3.07,100.83,5041.83,14,17,104.2,131.43,0.1156,92.09,4.4,0.5578,9104.86,38,53.82,92458.58,-0.2203,54.79,20,122.16,6.77,42,191.19,24592.81,30,15,237.17,38.51,19.62,12.95,10714.25,0,943.74,1038.74,42.11,16.18,8,364.37,2,133.3,0,11.88,163.26,17,30,15,20,42
149,5MT,F,Complete Data,-0.7141,20.85,66.43,3530.98,18.99,35.67,4852.92,10,13,194.63,158.76,-0.1015,65.37,20.12,0.4492,6653.32,24,101.27,49709.49,-0.1216,20.75,8,142.54,186.42,5,182.02,6717.24,5,1,69.44,11.58,29.7,528.06,4391.41,7,1300.66,1095.96,151.25,28.7,4,246.61,0,143.88,0,0,111.11,13,5,1,8,5
24,CTRL,M,Complete Data,-0.7068,15.95,87.12,6909.41,23.59,23.89,5189.14,34,13,124.62,58.29,-0.3626,84.45,8.68,0.3187,6832.38,4,38.97,32350.57,0.559,3.97,24,189.99,20.85,16,53.75,13870.15,7,7,106.24,18.25,17.25,4.57,5356.87,0,1310.32,1386.49,0.57,7.31,0,417.09,10,215.82,0,35.5,87.72,13,7,7,24,16
163,5MT,F,Complete Data,-0.6789,12.81,16.55,2161.27,7.54,3.5,2580.09,20,5,320.32,85.72,-0.5778,5.67,201.3,0.2111,8577.38,2,2.57,41403.5,-0.627,42.58,9,43.04,0.43,12,187.75,7998.71,10,10,281.78,53.89,63.23,11.48,3627.92,1,1510.87,1545.43,502.47,0,0,193.96,4,20.59,0,0,113.41,5,10,10,9,12
195,5MT,F,Complete Data,-0.6366,36.74,36.64,2195.93,13.48,15.62,4065.04,10,17,181.31,219.62,0.0956,11.08,115.55,0.5478,7261.75,6,10.54,56159.53,-0.3962,3.5,20,75.81,8.14,32,175.28,21652.34,7,9,251.22,55.79,1.1,165.73,6832.83,0,1174.93,1463.53,77.31,0,0,199.07,0,247.48,3,17.62,227.46,17,7,9,20,32
75,HIGH,F,Complete Data,-0.6358,25.63,29.13,8567.8,48.18,111.61,8797.83,24,4,108.48,10.01,-0.831,27.23,82.08,0.0845,7416.33,14,37.67,65234.22,0.1688,45.61,9,265.63,23.59,10,188.92,7691.21,23,10,80.61,17.95,63.06,4.77,5518.85,7,1215.41,1306.37,155.76,14.61,0,481.51,5,146.01,0,13.75,45.08,4,23,10,9,10
122,MID,F,Complete Data,-0.6197,64.5,96,4265.65,31.06,38.07,3181.24,24,6,125.83,90.12,-0.1654,4.5,313.75,0.4173,4378.92,24,90.52,70751.92,-0.4572,225.39,6,93.49,39.44,10,250.98,6733.94,24,2,81.72,19.19,36.27,437.37,4810.61,0,2032.7,964.83,261.56,11.08,0,384.05,0,145.91,1,0,146.35,6,24,2,6,10
202,CTRL,M,Complete Data,-0.6085,33.2,40.51,12030.17,16.88,24.46,8808.95,18,9,177.54,224.69,0.1172,11.71,102.24,0.5586,9496.41,17,37.27,63582.68,-0.5587,25.23,18,90.06,5.54,25,318.12,17462.73,18,10,270.37,65.8,0.93,24.32,9847.22,0,1885.9,1409.48,292.83,0,0,197.77,0,86.49,0,9.48,78.61,9,18,10,18,25
179,5MT,M,Complete Data,-0.5866,46.85,49.75,6876.82,38.24,49.35,7579.36,9,14,114.65,365.73,0.5227,20.05,42.11,0.7613,9545.34,34,121.22,70009.02,0.7291,0.97,18,405.54,44.58,5,63.53,9662.9,13,10,271.74,70.8,14.15,1.3,7850.15,0,1263.52,851.08,89.36,30.96,3,119.62,0,142.18,0,47.58,18.69,14,13,10,18,5
17,CTRL,M,Complete Data,-0.5845,56.59,39.84,2894.28,23.82,29.46,5264.21,27,6,93.13,28.26,-0.5344,8.24,66.7,0.2328,4667.69,17,56.02,51963.36,0.9897,52.19,17,180.31,73.01,1,0.93,9396.24,15,6,174.11,45.65,200.4,53.82,4627.7,2,1460.09,1069.07,78.91,9.11,16,478.61,1,84.32,0,30.4,338.71,6,15,6,17,1
168,5MT,F,Complete Data,-0.5642,29.46,20.05,6484.07,2.2,0,529.12,14,27,273.04,155.79,-0.2734,60.83,1.43,0.3633,10918.83,11,34.3,65352.32,0.6151,3,10,411.38,24.16,11,98.03,10925.85,24,6,66.73,18.59,19.45,4.4,5533.93,7,1874.37,1306.47,636.44,18.25,10,171.17,0,108.41,0,54.52,18.79,27,24,6,10,11
172,5MT,F,Complete Data,-0.5508,41.84,46.55,14748.1,11.85,18.39,9556.13,13,15,121.29,381.28,0.5173,3.44,56.19,0.7587,7747.1,5,3.74,73632.75,0.8105,0,20,453.85,18.39,7,47.51,9518.65,13,16,378.45,109.61,15.78,1.87,8063.31,11,1757.25,1551.01,614.45,0,7,97.43,7,25.99,9,56.66,14.78,15,13,16,20,7
74,HIGH,M,Complete Data,-0.5464,33.73,41.41,10456.05,21.22,20.22,12757.13,21,18,73.07,46.51,-0.2221,37.44,26.29,0.3889,5340.59,19,37.94,76495.51,-0.0648,2,18,164.8,21.35,23,187.65,19540.04,24,22,155.99,45.75,63.06,16.22,11785.98,14,1385.48,1015.15,122.02,2.3,3,480.42,25,167.8,9,3.67,96.86,18,24,22,18,23
27,CTRL,M,Incomplete Data,-0.536,66,58.99,3732.46,41.24,49.25,3358.7,23,26,57.56,49.02,-0.0801,23.39,101.4,0.4599,8588,23,54.65,53018.44,,,,,,,,,25,22,198.13,59.86,48.45,6.37,7556.62,0,1831.3,1219.65,164.93,0,0,493.42,0,79.71,0,0,0,26,25,22,0,0
183,5MT,M,Complete Data,-0.5276,23.99,28.53,10433.11,13.48,28.03,13396.26,17,20,165.87,221.49,0.1436,6.94,33.2,0.5718,13109.07,11,33.23,77632.27,-0.1193,8.48,24,197.13,0,24,250.52,19168.9,22,14,306.54,94.79,2.04,14.08,12382.3,5,1035.8,1447.65,900.37,5.74,3,212.64,0,62.06,2,12.98,34.07,20,22,14,24,24
63,MID,F,Complete Data,-0.5033,46.21,65.63,7601.92,48.65,13.71,6152.51,19,19,115.08,62.63,-0.2951,25.59,139.17,0.3524,5006.87,14,61.26,47035.02,-0.1635,3.5,24,146.08,9.31,15,203.2,14427.27,16,11,140.57,46.45,1.27,25.96,6932.57,1,1140.81,1342.83,108.31,0,0,422.29,3,145.55,5,6.37,74.87,19,16,11,24,15
16,CTRL,M,Complete Data,-0.4755,32.37,39.54,7749.47,22.02,49.88,13567.71,15,16,48.15,48.01,-0.0015,203.6,25.66,0.4993,6765.71,41,136.3,55511.13,0.7908,10.14,24,354.49,51.65,12,41.41,15303.6,8,10,55.39,19.69,243.34,91.46,4726.63,0,2223.19,1349.31,18.62,5.57,14,503.84,11,119.69,4,59.99,95.53,16,8,10,24,12
191,5MT,M,Complete Data,-0.4725,24.06,58.63,16033.08,55.16,30.2,11309.85,14,12,195.7,193.06,-0.0068,8.54,25.86,0.4966,10047.68,19,52.12,80229.72,0.1337,25.93,14,212.85,4.44,18,162.66,12924.97,22,17,316.95,113.55,1.77,18.65,12753.58,6,1792.17,880.01,233.07,21.96,1,211.24,0,47.11,0,6.64,78.65,12,22,17,14,18
254,CTRL,F,Complete Data,-0.4723,24.02,22.06,4306.82,8.71,14.45,3132.87,10,11,144.61,301.43,0.3516,32.17,7.24,0.6758,9129.55,13,76.34,44264.09,0.4314,68.5,5,368.87,1.9,7,146.51,5721.27,10,5,367.5,131.73,2.1,20.39,6504.92,0,1783.62,1387.29,411.81,0,0,153.96,3,30.43,0,59.99,29.2,11,10,5,5,7
246,CTRL,F,Complete Data,-0.4642,36,34.3,10100.58,43.91,36.4,11991.79,24,4,304.1,45.48,-0.7398,9.58,517.55,0.1301,9027.15,27,69.57,57354.79,0.4367,59.96,16,319.69,7.94,17,125.33,16484.87,22,15,203.7,74.54,8.81,91.83,11217.64,5,1496.8,1267.16,325.86,4.64,0,250.42,0,83.95,0,59.99,78.04,4,22,15,16,17
229,HIGH,M,Complete Data,-0.4525,34.73,78.41,5468.32,28.26,36.24,5809.44,8,6,376.78,78.61,-0.6548,26.63,7.01,0.1726,5192.71,13,59.03,51663.38,0.1561,7.34,11,262.33,56.62,6,191.49,7575.06,7,8,265.83,100.2,62.8,25.36,5807.92,0,1856.73,1348.69,211.95,0.67,1,144.61,1,64.46,2,21.22,90.99,6,7,8,11,6
241,LOW,F,Complete Data,-0.4468,3.8,13.91,3303.39,30.93,39.81,6837.78,19,8,365.57,123.59,-0.4947,2.24,106.84,0.2527,10842.25,18,30.26,62443.14,0.9706,0,28,429.93,182.62,2,6.41,11366.54,15,12,286.15,109.41,0,10.94,9431.38,0,1479.54,1423.92,235.64,0,9,110.84,5,65.63,1,59.99,31.46,8,15,12,28,2
84,LOW,F,Complete Data,-0.4141,85.15,71.71,7602.96,87.25,44.41,5541.32,21,23,84.02,124.36,0.1936,16.92,72.07,0.5968,6463.14,17,74.21,44267.52,0.4099,2.77,11,354.89,28.03,5,148.55,7330.52,19,8,108.98,45.15,3.47,180.08,2684.38,19,1337.36,1222.12,124.89,20.49,0,391.62,0,30.33,3,41.51,17.78,23,19,8,11,5
60,MID,F,Complete Data,-0.4024,41.81,41.14,5979.89,21.82,66.77,4611.15,27,13,117.95,56.26,-0.3541,21.05,179.35,0.3229,7158.83,13,35.67,59295.65,0.0076,67.8,7,197.2,14.58,13,194.23,8371.93,11,10,110.88,47.25,11.91,2,5841.97,10,1239.47,1198.5,247.38,0,0,425.79,5,166.43,8,13.78,104.37,13,11,10,7,13
187,5MT,F,Complete Data,-0.3597,31,97.53,7681.12,20.35,51.69,11653.83,15,10,219.55,159.96,-0.157,9.51,62.6,0.4215,10568.97,33,84.65,81676.48,0.1585,2.77,11,238.44,51.18,6,173.21,7584.09,22,19,196.6,92.59,15.58,0.3,11087.71,1,809.85,767.4,54.95,15.45,3,220.49,1,127.66,2,54.69,46.95,10,22,19,11,6
81,LOW,M,Complete Data,-0.3491,26.16,21.79,9725.42,14.98,16.78,10869.57,25,32,114.15,119.52,0.023,75.04,14.55,0.5115,9628.71,14,39.81,48958.4,0.4116,2.04,16,327.33,11.48,16,136.44,12404.18,31,12,138.94,67.03,8.27,1.03,8811.03,0,2060.79,1271.57,9.34,2.3,15,366.33,3,96.36,0,32.13,14.25,32,31,12,16,16
130,HIGH,F,Complete Data,-0.3387,30.13,74.21,1393.62,2.17,70.54,2582.96,19,11,151.35,46.68,-0.5286,8.91,56.72,0.2357,5571.65,0,0,37421.55,0.9336,0.2,8,433.4,27.09,5,14.88,5254.36,14,13,52.09,25.73,135.44,74.64,5124.6,7,1248.31,1627.56,1800,0,10,401.97,11,197.03,0,38.61,75.48,11,14,13,8,5
3,CTRL,F,Incomplete Data,-0.3354,,,,,,,15,8,189.56,48.55,-0.5922,26.19,158.73,0.2039,7236.96,18,29.8,73064.41,,,,,,,,,28,19,151.52,75.41,23.52,1.67,9369.04,10,1197.69,1279.46,175.41,3.44,0,361.89,0,43.81,0,0,0,8,28,19,0,0
135,HIGH,M,Complete Data,-0.2935,10.54,67.87,3189.07,35.67,87.39,3370.12,11,43,53.99,174.61,0.5276,5.31,53.79,0.7638,5103.65,17,35.6,52035.42,0.4641,12.48,10,172.54,4.74,9,63.16,7246.98,22,9,94.83,51.79,1.63,51.48,2991.95,8,1645.78,1161.4,159.99,0,0,371.4,11,20.79,0,34.87,85.22,43,22,9,10,9
170,5MT,M,Complete Data,-0.2922,42.78,41.81,8613.11,9.94,28.46,7083.55,11,8,150.85,75.58,-0.3324,40.44,28.4,0.3338,6238.94,27,45.98,73394.28,-0.6639,1.53,16,76.64,12.41,33,379.35,19836.96,14,13,108.61,59.49,40.01,14.95,5629.77,0,1867.46,1270.43,29.23,1.7,0,373.57,4,105.31,1,17.08,41.21,8,14,13,16,33
97,LOW,M,Complete Data,-0.2838,0,18.99,3312.61,16.08,39.37,2903.62,20,9,142.51,89.86,-0.2266,3.67,86.79,0.3867,3522.36,6,21.29,35674.72,-0.0017,1.03,7,67.87,215.45,7,68.1,5399.75,16,12,110.41,61.59,76.71,5.91,4364.5,9,1723.12,1380.88,0.43,0,0,367.63,16,173.91,0,0,277.54,9,16,12,7,7
234,CTRL,M,Complete Data,-0.2829,8.11,64.9,10422.88,3.6,8.01,3658.61,14,13,246.28,239.71,-0.0135,1.23,50.92,0.4932,10892.82,10,33.17,68153.32,-0.1725,14.25,19,219.52,0,16,311.01,14293.31,21,22,258.69,144.61,9.54,1.8,13763.2,1,1621.83,1355.39,12.08,0,0,114.01,0,63.06,0,46.68,20.49,13,21,22,19,16
216,LOW,F,Complete Data,-0.2706,13.55,46.38,4277.55,16.92,23.12,6659.59,8,9,133.1,392.19,0.4932,40.01,4.17,0.7466,8778.1,3,3.74,41367.97,0.5109,0.4,18,354.89,28.8,11,114.88,11368.43,12,8,340.81,195.66,10.64,0,7519.47,1,2019.65,1655.18,44.21,0,8,74.71,0,12.28,7,59.99,31.97,9,12,8,18,11
55,LOW,M,Complete Data,-0.2654,6.87,46.41,4586.59,2.27,12.58,4940.97,10,42,20.42,196.63,0.8118,65.83,86.49,0.9059,5618.45,1,1.37,36918.3,0.6103,62.73,14,403.8,0,14,97.73,9022.56,29,11,170.6,99.03,3.54,19.79,5087.94,3,1997.8,1661.62,157.59,0,13,382.95,0,26.09,2,7.97,6.17,42,29,11,14,14
228,HIGH,F,Complete Data,-0.2491,35.54,89.02,8865.79,50.25,41.41,7156.02,16,24,160.43,155.46,-0.0157,58.02,20.25,0.4921,9662.44,14,45.58,59110.52,0.2218,15.02,28,188.86,6.84,24,120.29,21266.47,23,28,169.07,101.63,14.45,0.47,16499.25,0,1381.98,1357.62,130.43,6.11,1,284.11,2,136.7,1,30.33,126.03,24,23,28,28,24
32,MID,M,Incomplete Data,-0.2463,19.09,29.2,6165.27,29.6,45.21,8283.06,5,9,26.33,35.47,0.1479,292.63,24.39,0.5739,2084.58,7,8.34,47294.82,,,,,,,,,29,28,155.59,94.09,29.2,11.48,16032.2,3,2172.77,1276.88,615.48,1.47,0,538.2,10,80.35,0,0,0,9,29,28,0,0
227,HIGH,M,Complete Data,-0.2418,18.85,98.57,12370.57,12.48,33.63,5708.42,12,15,82.78,303.87,0.5718,31.63,1.74,0.7859,8786.93,21,50.05,85756.85,-0.2016,2.5,15,156.82,43.78,17,236,11407.04,22,16,214.88,131.2,20.69,1.1,12062.77,8,958.92,969.66,166.3,5.87,0,213.35,2,107.04,2,19.99,54.32,15,22,16,15,17
80,LOW,F,Complete Data,-0.182,38.47,52.65,6154.14,16.15,36.74,7784.49,18,9,47.51,14.55,-0.5311,34.53,106.54,0.2345,4377.35,9,25.56,26419.4,0.668,4.47,12,376.91,34.77,7,75.01,6886.2,14,16,104.97,72.64,13.55,70.54,5249.1,10,2189.32,1379.02,2.77,0,18,537.94,0,86.49,0,59.99,53.62,9,14,16,12,7
171,5MT,M,Complete Data,-0.1774,36.04,47.38,8327.52,22.72,32.73,8516.31,11,14,126.96,59.76,-0.3599,26.13,21.92,0.3201,8330.58,41,119.39,69092.89,-0.5376,8.01,12,114.31,19.52,18,380.15,13127.27,13,12,141.88,99.13,20.79,3.97,9010.59,0,1528.4,1241.97,173.54,2.14,0,413.28,3,215.95,0,17.32,34.7,14,13,12,12,18
201,CTRL,F,Complete Data,-0.1625,8.14,85.45,8684.26,42.28,19.42,7006.11,8,13,97.7,269.6,0.468,167.33,48.98,0.734,11108.85,42,138.87,76226.04,-0.8148,55.29,12,43.18,13.05,11,423.12,19986.24,13,15,166.37,119.85,41.27,15.75,12055.59,4,1052.79,951.85,6.97,7.04,19,232.7,0,163.2,4,4.54,75.01,13,13,15,12,11
118,LOW,M,Complete Data,-0.1355,66.77,58.46,2736.44,14.88,0.67,2342.9,0,11,0,190.52,1,600,45.91,1,970.11,31,103.67,84551.7,-0.2085,97.03,19,133.93,134.87,23,204.5,19812.46,27,27,134.43,102.34,18.39,109.01,6150.77,0,1120.66,1006.64,76.98,3.07,0,409.48,0,40.01,8,8.91,166.43,11,27,27,19,23
177,5MT,M,Complete Data,-0.1229,34.37,59.83,5934.09,42.08,41.07,9859.93,13,19,195.06,179.71,-0.041,6.34,52.29,0.4795,10963.06,18,48.11,69277.65,-0.6333,1.4,8,96.26,15.02,12,428.8,14669.7,22,22,194.03,151.55,2.8,32.13,14283.34,0,1341.52,1222.29,35.34,10.04,8,225.23,4,120.69,8,17.65,17.58,19,22,22,8,12
220,HIGH,M,Incomplete Data,-0.1154,,,,,,,14,17,151.85,221.92,0.1875,143.68,3.7,0.5937,10589.4,20,57.19,81491.28,,,,,,,,,23,26,180.85,143.44,72.57,3.27,14023.09,0,1544.85,1290.96,332,13.95,1,226.23,2,62.73,0,0,0,17,23,26,0,0
107,MID,F,Complete Data,-0.111,5.77,12.45,2649.21,7.54,38.87,3491.2,13,10,34.07,45.31,0.1416,210.48,4.5,0.5708,2562.88,8,9.61,44410.17,-0.5884,260.53,7,107.64,1.74,8,415.45,6489.47,13,21,120.89,96.73,83.82,8.88,3677.22,10,2018.05,1392.59,792.66,0.6,4,520.62,7,35.94,0,39.47,19.39,10,13,21,7,8
214,MID,M,Complete Data,-0.1058,0,0,22.24,16.08,9.88,3801.62,12,10,164.13,146.21,-0.0577,10.08,81.68,0.4711,4191.15,7,15.28,53780.07,-0.1212,23.09,8,127.66,11.68,11,162.86,10512.06,8,8,200.83,162.4,123.06,8.27,8203.94,0,1936.21,1443.31,488.69,0,0,289.66,0,92.49,1,32.73,221.92,10,8,8,8,11
77,HIGH,M,Complete Data,-0.0988,6.84,52.42,3181.96,40.11,37.34,6803.94,17,0,48.52,0,-1,104.5,600,0,4773.52,13,28.26,35506.11,0.6857,9.91,18,332,67.47,17,61.9,12892.14,12,5,42.64,34.97,321.25,233.73,4324.72,0,1302.27,895.07,223.86,1.4,4,551.48,0,244.61,11,23.56,53.89,0,12,5,18,17
182,5MT,M,Complete Data,-0.0947,13.51,77.11,5134.57,7.01,55.32,7220.5,17,11,235.27,164.43,-0.1772,6.24,17.65,0.4114,8707.32,9,40.07,52864.52,-0.6867,0,13,81.08,6.07,11,436.44,15023.11,11,11,267.37,221.09,0.47,8.54,8713.04,8,1738.03,1110.85,476.51,0,0,200.3,5,18.95,20,5.57,18.05,11,11,11,13,11
113,MID,F,Complete Data,-0.0794,37.47,85.05,8634.05,28.93,106.24,6944.12,15,0,68.54,0,-1,10.21,600,0,8653.63,11,20.55,70910.21,0.697,0,19,210.84,15.25,6,37.64,11593.44,24,24,106.34,90.69,75.91,8.54,10006.21,5,1728.16,1397.36,148.01,3.4,2,531.46,8,119.82,0,26.89,141.47,0,24,24,19,6
150,MID,M,Complete Data,-0.0622,45.28,26.63,6491.67,23.69,14.35,7188.21,13,10,280.15,117.85,-0.4078,2.74,37.14,0.2961,8183.01,17,36.97,73552.49,-0.3858,58.69,13,153.45,1.13,17,346.21,14804.48,12,7,181.41,160.16,0.97,48.18,5860.56,5,976.48,1240.04,243.41,3.74,15,202,1,31.26,4,12.48,15.35,10,12,7,13,17
2,CTRL,M,Incomplete Data,-0.0556,,,,,,,14,13,54.09,313.41,0.7056,27.99,57.69,0.8528,6958.59,37,95.93,70035.96,,,,,,,,,20,19,200.17,179.08,5.51,27.96,11750.87,5,1412.88,1189.56,122.96,7.01,0,232.5,0,84.95,0,0,0,13,20,19,0,0
256,CTRL,M,Complete Data,-0.055,23.46,46.55,10661.34,49.18,37.8,11465.42,8,14,106.21,281.31,0.4518,67.8,5.51,0.7259,8059.12,19,38.81,89992.93,0.1361,67.47,19,228.33,1.74,22,173.61,18461.07,12,12,183.28,164.16,11.11,43.01,10014.38,3,1559.27,1239.24,203.3,0,0,212.48,0,90.12,9,43.38,94.99,14,12,12,19,22
156,5MT,M,Complete Data,-0.0529,48.98,53.79,10583.03,54.99,46.98,5797.73,19,25,83.65,360.26,0.6231,77.74,7.97,0.8116,14197.71,3,2.97,83043.02,-0.1039,12.45,26,174.61,2.4,25,215.12,18191.13,27,29,209.71,188.62,25.23,5.67,14392.76,23,1635.27,1470.93,432.33,2.04,6,156.09,0,53.85,2,25.66,68.23,25,27,29,26,25
158,5MT,M,Complete Data,-0.0447,29.5,36.4,13124.41,14.18,18.32,7571.24,14,15,133.9,263.7,0.3265,22.79,11.34,0.6632,12941.46,12,15.98,69764.84,0.2486,2.47,16,274.27,18.59,9,165.07,11909.46,18,17,197.56,180.65,3,16.22,13626.19,6,1348.95,1367.87,155.22,1.94,9,202.4,8,91.66,10,20.95,61.09,15,18,17,16,9
159,5MT,F,Complete Data,-0.035,57.52,87.25,8984.06,9.84,36.9,9338.22,18,17,148.68,235.84,0.2267,38.94,5.74,0.6133,8645.21,6,7.04,58281.86,-0.0091,17.85,22,204.3,2.77,17,208.04,16398.87,23,25,201.77,188.12,46.05,4.94,11603.83,2,1252.46,1434.47,168.37,1.94,0,215.48,3,34.33,0,3.5,46.11,17,23,25,22,17
104,LOW,F,Complete Data,-0.024,59.03,58.19,11079.48,26.33,108.48,8779.34,15,36,52.45,226.66,0.6242,12.58,99.87,0.8121,8850.67,12,29.43,85413.13,-0.2223,1.74,28,117.22,22.76,19,184.25,19765.71,17,24,70.3,67,24.52,2.9,6555.86,0,1684.11,1371.56,160.46,1.4,0,320.89,5,94.99,5,18.22,139.14,36,17,24,28,19
25,CTRL,F,Complete Data,-0.021,41.14,25.46,13858.95,11.51,28.83,20287.06,14,19,36.8,33.9,-0.041,80.81,25.03,0.4795,7711.84,23,50.85,99487.9,-0.0971,65.37,12,174.64,27.16,17,212.21,10489.75,23,25,68.34,65.53,7.74,29.83,13615.56,0,1382.71,1173.88,139.47,16.82,0,529.3,0,148.08,0,25.03,106.31,19,23,25,12,17
33,CTRL,F,Complete Data,-0.0166,43.91,35.64,9554.94,25.39,23.09,8168.85,21,26,77.11,70.67,-0.0436,122.09,64.63,0.4782,9003.97,24,69.34,57838.07,-0.4684,0.87,19,85.99,14.31,25,237.54,18104.14,21,23,86.45,83.62,28.13,12.98,7548.16,1,2241.84,1143.71,207.27,1.74,0,452.22,4,101.2,0,0,148.35,26,21,23,19,25
255,CTRL,M,Complete Data,-0.0139,88.42,26.26,3686.2,24.16,35.77,6111.46,15,20,106.41,327.96,0.51,0.23,14.51,0.755,13466.07,35,102.67,86997.33,0.0832,2.07,27,200.6,6.14,23,169.8,19717.62,25,16,162.4,157.96,0.97,27.39,11550.75,21,852.85,1150.55,45.78,4.4,0,165.63,2,90.16,17,12.01,106.71,20,25,16,27,23
184,5MT,M,Complete Data,-0.0007,35.3,1.9,3928.63,23.42,24.79,7787.79,11,18,108.54,204.47,0.3065,8.07,45.61,0.6532,8409.68,1,5.91,40449.74,-0.7246,17.32,5,58.66,1.6,8,367.27,8225.76,10,20,177.18,176.94,25.93,8.21,9763.27,14,902.54,1555.16,1420.15,0,0,286.99,2,55.42,19,0,26.19,18,10,20,5,8
239,CTRL,F,Complete Data,0.0143,38.67,47.75,17185.48,17.18,52.95,19963.07,24,1,243.81,1.77,-0.9856,42.68,597.1,0.0072,12145.68,30,50.88,102330.2,0.3244,28.66,23,235.74,36.7,19,120.25,16740.04,38,30,80.41,82.75,11.04,31.06,17682.69,0,1876.73,966.96,43.48,10.48,1,354.42,5,229.83,0,18.85,96.93,1,38,30,23,19
155,5MT,M,Complete Data,0.0454,97.6,24.02,24497.62,61.76,38.67,20780.54,19,20,103,116.55,0.0617,17.48,27.83,0.5309,13228.02,20,40.44,108715.04,0.2515,10.21,37,176.68,110.41,17,105.67,20405.12,12,23,120.92,132.43,16.35,5.97,12643.96,25,1362.06,1141.41,521.42,15.82,12,380.45,11,107.11,2,8.38,97.23,20,12,23,37,17
251,MID,F,Complete Data,0.0489,15.48,38.97,3034.48,12.55,21.82,3784.09,6,5,192.39,166.37,-0.0725,10.98,363.56,0.4637,3346.29,15,43.61,33959.38,0.6683,2.2,19,358.56,17.52,6,71.3,7593.73,5,8,235.14,259.33,92.26,0,4044.26,0,1754.99,1205.37,155.69,0,2,241.24,2,11.95,8,25.73,52.12,5,5,8,19,6
48,LOW,F,Complete Data,0.0511,50.48,94.69,8473.78,35.1,42.44,6230.44,16,10,64.56,34.73,-0.3004,18.08,379.01,0.3498,2952.82,23,45.48,62856.98,0.6273,0,20,261.09,15.42,7,59.79,12200.11,17,20,82.48,91.36,89.82,10.04,4934.05,0,1724.49,1186.72,232.7,16.35,0,500.71,1,54.92,22,27.99,74.14,10,17,20,20,7
185,5MT,M,Complete Data,0.0512,33.47,56.02,10941.99,12.65,5.11,5425.3,11,10,133.7,235.8,0.2763,86.42,9.98,0.6382,6044.66,47,123.26,55597.29,-0.3947,1.3,18,133.83,12.48,15,308.38,15879.29,12,9,202.04,223.86,179.51,6.07,8761.51,8,441.24,367.8,11.21,13.95,0,230.5,0,61.19,4,16.25,54.49,10,12,9,18,15
140,HIGH,F,Complete Data,0.0602,152.65,39.07,2936.57,144.88,21.49,2381.81,14,12,51.48,35.9,-0.1783,104.97,204.7,0.4108,6476.99,22,30.9,108014.24,0.8069,2.24,14,432.67,5.24,7,46.25,7938.34,25,17,83.88,94.63,0.6,18.62,6994.57,0,1342.61,988.65,93.73,1.97,0,512.62,0,87.99,0,45.38,38.44,12,25,17,14,7
102,LOW,M,Complete Data,0.0675,20.59,71.91,7672.59,19.82,49.12,6951.34,23,16,86.09,158.49,0.296,5.61,109.58,0.648,9570.19,22,96.13,77460.17,0.8724,4.1,8,368.3,113.08,8,25.09,8062.72,16,18,71.24,81.55,33.93,6.81,6648.92,0,1344.71,1374.57,93.93,30.73,6,355.42,16,105.67,5,22.26,73.71,16,16,18,8,8
151,5MT,M,Complete Data,0.1068,31.83,66.97,7890.16,13.25,30.3,9419.9,11,15,236.4,209.94,-0.0593,1.3,19.39,0.4704,10485.9,26,104.2,55985.71,-0.7285,12.75,9,73.71,1.94,9,469.24,16187.38,17,14,197.16,244.31,34,9.48,8804.08,16,1344.31,1166.43,79.05,8.07,0,153.66,0,30.13,10,0,12.91,15,17,14,9,9
225,HIGH,M,Complete Data,0.1198,31.9,81.65,14028.97,24.69,39.34,11744.8,20,20,134.47,299.4,0.3801,0.4,23.92,0.6901,15556.13,8,33.63,91595.81,-0.1544,2.64,25,185.42,34.5,20,253.15,19810.26,19,18,176.81,224.96,14.81,0,14963.46,0,1190.22,1363.22,147.65,7.64,0,166.13,0,42.28,5,19.59,74.67,20,19,18,25,20
244,LOW,M,Complete Data,0.1234,3.9,39.61,4562.16,25.93,23.49,8313.86,12,11,214.91,298.43,0.1627,201.17,0.03,0.5813,8633.92,16,27.99,49989.97,-0.7356,0,7,72.87,24.32,19,478.31,13191.06,19,12,217.85,279.18,0,77.74,10867.84,0,1367.77,1406.41,13.68,0,5,86.66,1,18.39,6,0,19.62,11,19,12,7,19
197,HIGH,M,Complete Data,0.1305,41.74,120.62,2748.05,12.21,119.82,3745.01,0,8,0,414.78,1,600,6.27,1,3527.24,9,48.92,42034.91,0.6802,22.66,4,275.44,5.31,8,52.42,7867.31,3,5,127.83,166.2,213.65,29.53,2764.85,0,1923.65,1255.36,715.92,5.74,6,185.22,2,35.7,0,54.82,140.47,8,3,5,4,8
204,CTRL,F,Complete Data,0.1443,17.68,35.07,8151.76,11.71,51.55,8475.66,12,9,214.95,201.03,-0.0335,61.49,9.44,0.4833,7723.95,6,10.31,61696.33,0.1614,30.3,17,232.37,2.24,15,167.77,13020.83,12,11,189.32,253.19,48.82,2,8804.5,13,1724.16,1432.11,566.53,2.24,0,184.02,0,55.22,0,13.31,57.79,9,12,11,17,15
224,HIGH,M,Incomplete Data,0.1493,,,,,,,12,17,144.01,330.66,0.3932,3.3,22.59,0.6966,9173.9,28,39.04,77839.74,,,,,,,,,17,19,186.02,251.32,1.27,28.23,12761.13,12,1587.92,1359.59,68.74,0,0,125.33,0,41.78,0,0,0,17,17,19,0,0
53,LOW,F,Complete Data,0.1508,39.87,97.73,5470.63,32.57,62.7,9286.82,9,2,19.72,11.61,-0.2589,361.19,229.33,0.3706,1303.59,13,53.75,51862.62,-0.2879,2.67,12,184.58,11.14,13,333.8,14071.27,25,25,86.55,117.28,15.28,31.03,5663.77,8,1299.57,1111.51,45.38,3.87,1,568.67,4,63.66,0,0,41.27,2,25,25,12,13
236,CTRL,M,Complete Data,0.1585,26.29,29.53,17044.14,22.76,10.28,10387.31,17,21,147.45,298.67,0.339,60.53,5.34,0.6695,13166.44,14,35.87,86493.59,-0.1124,15.35,24,179.21,0,33,224.59,22747.83,16,18,142.18,195.76,13.65,47.05,10655.75,4,1539.01,1269.46,243.14,6.54,1,153.88,6,96.13,8,43.64,59.79,21,16,18,24,33
186,5MT,M,Complete Data,0.1595,34.03,13.25,23598.36,44.51,31.63,15194.39,13,13,200.43,269.37,0.1467,3.97,74.27,0.5734,10875.72,7,13.78,89019.73,-0.5003,1.1,24,121.59,7.47,31,365.07,23337.31,24,33,166.83,230.16,4.2,13.55,19302.62,15,1427.12,1383.18,25.49,3.57,7,130.2,5,80.01,9,3.54,34.67,13,24,33,24,31
12,CTRL,F,Incomplete Data,0.1668,,,,,,,18,24,137.07,180.01,0.1354,5.31,60.89,0.5677,14339.2,15,36.84,54034.79,,,,,,,,,20,27,142.91,200.13,2.24,8.84,2840.42,20,1309.15,673.84,53.02,0,9,282.92,10,51.18,0,0,0,24,20,27,0,0
